,address,id,name,opening_hours,postcode,query_timestamp,rating,types,latitude,longitude
0,"442 Strand, London WC2R 0QU, UK",ChIJG4_Lkc4EdkgRl7ZEQE9Q5Q0,Starbucks Coffee,"{'open_now': True, 'periods': [{'close': {'day': 0, 'time': '2200'}, 'open': {'day': 0, 'time': '0800'}}, {'close': {'day': 1, 'time': '2200'}, 'open': {'day': 1, 'time': '0530'}}, {'close': {'day': 2, 'time': '2200'}, 'open': {'day': 2, 'time': '0530'}}, {'close': {'day': 3, 'time': '2200'}, 'open': {'day': 3, 'time': '0530'}}, {'close': {'day': 4, 'time': '2230'}, 'open': {'day': 4, 'time': '0530'}}, {'close': {'day': 5, 'time': '2230'}, 'open': {'day': 5, 'time': '0530'}}, {'close': {'day': 6, 'time': '2230'}, 'open': {'day': 6, 'time': '0700'}}], 'weekday_text': ['Monday: 5:30 AM – 10:00 PM', 'Tuesday: 5:30 AM – 10:00 PM', 'Wednesday: 5:30 AM – 10:00 PM', 'Thursday: 5:30 AM – 10:30 PM', 'Friday: 5:30 AM – 10:30 PM', 'Saturday: 7:00 AM – 10:30 PM', 'Sunday: 8:00 AM – 10:00 PM']}",WC2R 0QU,2017-12-21 14:20:55 Europe/London,3.9,"['cafe', 'food', 'store', 'point_of_interest', 'establishment']",51.5088759,-0.1253649
1,"53-, 55 Pimlico Rd, Belgravia, London SW1W 8NE, UK",ChIJb0ODZBcFdkgRHcWW0nWGqVc,Starbucks Coffee,"{'open_now': True, 'periods': [{'close': {'day': 0, 'time': '1900'}, 'open': {'day': 0, 'time': '0700'}}, {'close': {'day': 1, 'time': '1930'}, 'open': {'day': 1, 'time': '0600'}}, {'close': {'day': 2, 'time': '1930'}, 'open': {'day': 2, 'time': '0600'}}, {'close': {'day': 3, 'time': '1930'}, 'open': {'day': 3, 'time': '0600'}}, {'close': {'day': 4, 'time': '1930'}, 'open': {'day': 4, 'time': '0600'}}, {'close': {'day': 5, 'time': '1930'}, 'open': {'day': 5, 'time': '0600'}}, {'close': {'day': 6, 'time': '1900'}, 'open': {'day': 6, 'time': '0630'}}], 'weekday_text': ['Monday: 6:00 AM – 7:30 PM', 'Tuesday: 6:00 AM – 7:30 PM', 'Wednesday: 6:00 AM – 7:30 PM', 'Thursday: 6:00 AM – 7:30 PM', 'Friday: 6:00 AM – 7:30 PM', 'Saturday: 6:30 AM – 7:00 PM', 'Sunday: 7:00 AM – 7:00 PM']}",SW1W 8NE,2017-12-21 14:20:55 Europe/London,3.9,"['cafe', 'food', 'store', 'point_of_interest', 'establishment']",51.4904591,-0.1528875
2,"159 Great Portland St, London W1N 5FD, UK",ChIJfZzgXdYadkgRpusOQIiSFGk,Starbucks,"{'open_now': True, 'periods': [{'close': {'day': 0, 'time': '2000'}, 'open': {'day': 0, 'time': '0700'}}, {'close': {'day': 1, 'time': '2030'}, 'open': {'day': 1, 'time': '0615'}}, {'close': {'day': 2, 'time': '2030'}, 'open': {'day': 2, 'time': '0615'}}, {'close': {'day': 3, 'time': '2030'}, 'open': {'day': 3, 'time': '0615'}}, {'close': {'day': 4, 'time': '2030'}, 'open': {'day': 4, 'time': '0615'}}, {'close': {'day': 5, 'time': '2030'}, 'open': {'day': 5, 'time': '0615'}}, {'close': {'day': 6, 'time': '2000'}, 'open': {'day': 6, 'time': '0700'}}], 'weekday_text': ['Monday: 6:15 AM – 8:30 PM', 'Tuesday: 6:15 AM – 8:30 PM', 'Wednesday: 6:15 AM – 8:30 PM', 'Thursday: 6:15 AM – 8:30 PM', 'Friday: 6:15 AM – 8:30 PM', 'Saturday: 7:00 AM – 8:00 PM', 'Sunday: 7:00 AM – 8:00 PM']}",W1N 5FD,2017-12-21 14:20:56 Europe/London,4,"['cafe', 'food', 'store', 'point_of_interest', 'establishment']",51.5214085,-0.1435121
3,"1-3 Villiers St, London WC2N 6NN, UK",ChIJcb8wyc4EdkgRIqrR_SGdVLc,Starbucks,"{'open_now': True, 'periods': [{'close': {'day': 0, 'time': '2130'}, 'open': {'day': 0, 'time': '0730'}}, {'close': {'day': 1, 'time': '2300'}, 'open': {'day': 1, 'time': '0545'}}, {'close': {'day': 2, 'time': '2300'}, 'open': {'day': 2, 'time': '0545'}}, {'close': {'day': 3, 'time': '2300'}, 'open': {'day': 3, 'time': '0545'}}, {'close': {'day': 4, 'time': '2300'}, 'open': {'day': 4, 'time': '0545'}}, {'close': {'day': 5, 'time': '2300'}, 'open': {'day': 5, 'time': '0545'}}, {'close': {'day': 6, 'time': '2300'}, 'open': {'day': 6, 'time': '0630'}}], 'weekday_text': ['Monday: 5:45 AM – 11:00 PM', 'Tuesday: 5:45 AM – 11:00 PM', 'Wednesday: 5:45 AM – 11:00 PM', 'Thursday: 5:45 AM – 11:00 PM', 'Friday: 5:45 AM – 11:00 PM', 'Saturday: 6:30 AM – 11:00 PM', 'Sunday: 7:30 AM – 9:30 PM']}",WC2N 6NN,2017-12-21 14:20:56 Europe/London,3.8,"['cafe', 'food', 'store', 'point_of_interest', 'establishment']",51.5074566,-0.1228585
4,"4a, 44 Brompton Rd, Knightsbridge, London SW3 1BW, UK",ChIJ5eIc6jgFdkgRNETkwOLAAYA,Starbucks Coffee,"{'open_now': True, 'periods': [{'close': {'day': 0, 'time': '2100'}, 'open': {'day': 0, 'time': '0800'}}, {'close': {'day': 1, 'time': '2200'}, 'open': {'day': 1, 'time': '0630'}}, {'close': {'day': 2, 'time': '2200'}, 'open': {'day': 2, 'time': '0630'}}, {'close': {'day': 3, 'time': '2200'}, 'open': {'day': 3, 'time': '0630'}}, {'close': {'day': 4, 'time': '2200'}, 'open': {'day': 4, 'time': '0630'}}, {'close': {'day': 5, 'time': '2200'}, 'open': {'day': 5, 'time': '0630'}}, {'close': {'day': 6, 'time': '2200'}, 'open': {'day': 6, 'time': '0700'}}], 'weekday_text': ['Monday: 6:30 AM – 10:00 PM', 'Tuesday: 6:30 AM – 10:00 PM', 'Wednesday: 6:30 AM – 10:00 PM', 'Thursday: 6:30 AM – 10:00 PM', 'Friday: 6:30 AM – 10:00 PM', 'Saturday: 7:00 AM – 10:00 PM', 'Sunday: 8:00 AM – 9:00 PM']}",SW3 1BW,2017-12-21 14:20:56 Europe/London,3.9,"['cafe', 'food', 'store', 'point_of_interest', 'establishment']",51.5008308,-0.1626405
5,"R:P:490, Canada Square, Canary Wharf, London E14 5AB, UK",ChIJGVo7YbcCdkgRzfyulW9hMMU,Starbucks Coffee,"{'open_now': True, 'periods': [{'close': {'day': 0, 'time': '1700'}, 'open': {'day': 0, 'time': '0930'}}, {'close': {'day': 1, 'time': '2000'}, 'open': {'day': 1, 'time': '0600'}}, {'close': {'day': 2, 'time': '2000'}, 'open': {'day': 2, 'time': '0600'}}, {'close': {'day': 3, 'time': '2000'}, 'open': {'day': 3, 'time': '0600'}}, {'close': {'day': 4, 'time': '2000'}, 'open': {'day': 4, 'time': '0600'}}, {'close': {'day': 5, 'time': '2000'}, 'open': {'day': 5, 'time': '0600'}}, {'close': {'day': 6, 'time': '1900'}, 'open': {'day': 6, 'time': '0900'}}], 'weekday_text': ['Monday: 6:00 AM – 8:00 PM', 'Tuesday: 6:00 AM – 8:00 PM', 'Wednesday: 6:00 AM – 8:00 PM', 'Thursday: 6:00 AM – 8:00 PM', 'Friday: 6:00 AM – 8:00 PM', 'Saturday: 9:00 AM – 7:00 PM', 'Sunday: 9:30 AM – 5:00 PM']}",E14 5AB,2017-12-21 14:20:57 Europe/London,3.7,"['cafe', 'food', 'store', 'point_of_interest', 'establishment']",51.5031548,-0.018803
6,"47-49 Queensway, London W2 4QH, UK",ChIJoQGb71UFdkgRqXoKr4KUick,Starbucks,"{'open_now': True, 'periods': [{'close': {'day': 0, 'time': '2300'}, 'open': {'day': 0, 'time': '0730'}}, {'close': {'day': 1, 'time': '2300'}, 'open': {'day': 1, 'time': '0630'}}, {'close': {'day': 2, 'time': '2300'}, 'open': {'day': 2, 'time': '0630'}}, {'close': {'day': 3, 'time': '2300'}, 'open': {'day': 3, 'time': '0630'}}, {'close': {'day': 4, 'time': '2300'}, 'open': {'day': 4, 'time': '0630'}}, {'close': {'day': 5, 'time': '2300'}, 'open': {'day': 5, 'time': '0630'}}, {'close': {'day': 6, 'time': '2300'}, 'open': {'day': 6, 'time': '0700'}}], 'weekday_text': ['Monday: 6:30 AM – 11:00 PM', 'Tuesday: 6:30 AM – 11:00 PM', 'Wednesday: 6:30 AM – 11:00 PM', 'Thursday: 6:30 AM – 11:00 PM', 'Friday: 6:30 AM – 11:00 PM', 'Saturday: 7:00 AM – 11:00 PM', 'Sunday: 7:30 AM – 11:00 PM']}",W2 4QH,2017-12-21 14:20:57 Europe/London,3.9,"['cafe', 'food', 'store', 'point_of_interest', 'establishment']",51.5117122,-0.1876108
7,"30-34A New Bridge St, London EC4V 6BJ, UK",ChIJJ9HYxLkEdkgRMSNTGBfqRnc,Starbucks Coffee,"{'open_now': True, 'periods': [{'close': {'day': 0, 'time': '2000'}, 'open': {'day': 0, 'time': '0730'}}, {'close': {'day': 1, 'time': '2100'}, 'open': {'day': 1, 'time': '0530'}}, {'close': {'day': 2, 'time': '2100'}, 'open': {'day': 2, 'time': '0530'}}, {'close': {'day': 3, 'time': '2100'}, 'open': {'day': 3, 'time': '0530'}}, {'close': {'day': 4, 'time': '2100'}, 'open': {'day': 4, 'time': '0530'}}, {'close': {'day': 5, 'time': '2100'}, 'open': {'day': 5, 'time': '0530'}}, {'close': {'day': 6, 'time': '2000'}, 'open': {'day': 6, 'time': '0730'}}], 'weekday_text': ['Monday: 5:30 AM – 9:00 PM', 'Tuesday: 5:30 AM – 9:00 PM', 'Wednesday: 5:30 AM – 9:00 PM', 'Thursday: 5:30 AM – 9:00 PM', 'Friday: 5:30 AM – 9:00 PM', 'Saturday: 7:30 AM – 8:00 PM', 'Sunday: 7:30 AM – 8:00 PM']}",EC4V 6BJ,2017-12-21 14:20:57 Europe/London,3.7,"['cafe', 'food', 'store', 'point_of_interest', 'establishment']",51.5126833,-0.1038573
8,"3C/3D, East Block County Hall, Belvedere Road, Lambeth, London SE1 7GQ, UK",ChIJbd6czrkEdkgRKdoEMZIkaew,Starbucks,"{'open_now': True, 'periods': [{'close': {'day': 0, 'time': '2230'}, 'open': {'day': 0, 'time': '0630'}}, {'close': {'day': 1, 'time': '2200'}, 'open': {'day': 1, 'time': '0600'}}, {'close': {'day': 2, 'time': '2200'}, 'open': {'day': 2, 'time': '0600'}}, {'close': {'day': 3, 'time': '2200'}, 'open': {'day': 3, 'time': '0600'}}, {'close': {'day': 4, 'time': '2200'}, 'open': {'day': 4, 'time': '0600'}}, {'close': {'day': 5, 'time': '2200'}, 'open': {'day': 5, 'time': '0600'}}, {'close': {'day': 6, 'time': '2230'}, 'open': {'day': 6, 'time': '0630'}}], 'weekday_text': ['Monday: 6:00 AM – 10:00 PM', 'Tuesday: 6:00 AM – 10:00 PM', 'Wednesday: 6:00 AM – 10:00 PM', 'Thursday: 6:00 AM – 10:00 PM', 'Friday: 6:00 AM – 10:00 PM', 'Saturday: 6:30 AM – 10:30 PM', 'Sunday: 6:30 AM – 10:30 PM']}",SE1 7GQ,2017-12-21 14:20:58 Europe/London,3.9,"['cafe', 'food', 'store', 'point_of_interest', 'establishment']",51.5019633,-0.1188522
9,"2 Churchill Pl, Canary Wharf, London E14 5RB, UK",ChIJfxWzfLACdkgR2yzBWJloG90,Starbucks Coffee,"{'open_now': True, 'periods': [{'close': {'day': 0, 'time': '1700'}, 'open': {'day': 0, 'time': '0930'}}, {'close': {'day': 1, 'time': '1900'}, 'open': {'day': 1, 'time': '0600'}}, {'close': {'day': 2, 'time': '1900'}, 'open': {'day': 2, 'time': '0600'}}, {'close': {'day': 3, 'time': '1900'}, 'open': {'day': 3, 'time': '0600'}}, {'close': {'day': 4, 'time': '1900'}, 'open': {'day': 4, 'time': '0600'}}, {'close': {'day': 5, 'time': '1900'}, 'open': {'day': 5, 'time': '0600'}}, {'close': {'day': 6, 'time': '1700'}, 'open': {'day': 6, 'time': '0900'}}], 'weekday_text': ['Monday: 6:00 AM – 7:00 PM', 'Tuesday: 6:00 AM – 7:00 PM', 'Wednesday: 6:00 AM – 7:00 PM', 'Thursday: 6:00 AM – 7:00 PM', 'Friday: 6:00 AM – 7:00 PM', 'Saturday: 9:00 AM – 5:00 PM', 'Sunday: 9:30 AM – 5:00 PM']}",E14 5RB,2017-12-21 14:20:58 Europe/London,3.5,"['cafe', 'food', 'store', 'point_of_interest', 'establishment']",51.5044402,-0.0149265
10,"2/3 Conduit St, Mayfair, London W1S 2BX, UK",ChIJZZmpzywFdkgRmXMBk-YKjbs,Starbucks,"{'open_now': True, 'periods': [{'close': {'day': 0, 'time': '2200'}, 'open': {'day': 0, 'time': '0700'}}, {'close': {'day': 1, 'time': '2200'}, 'open': {'day': 1, 'time': '0600'}}, {'close': {'day': 2, 'time': '2200'}, 'open': {'day': 2, 'time': '0600'}}, {'close': {'day': 3, 'time': '2230'}, 'open': {'day': 3, 'time': '0600'}}, {'close': {'day': 4, 'time': '2230'}, 'open': {'day': 4, 'time': '0600'}}, {'close': {'day': 5, 'time': '2230'}, 'open': {'day': 5, 'time': '0600'}}, {'close': {'day': 6, 'time': '2300'}, 'open': {'day': 6, 'time': '0600'}}], 'weekday_text': ['Monday: 6:00 AM – 10:00 PM', 'Tuesday: 6:00 AM – 10:00 PM', 'Wednesday: 6:00 AM – 10:30 PM', 'Thursday: 6:00 AM – 10:30 PM', 'Friday: 6:00 AM – 10:30 PM', 'Saturday: 6:00 AM – 11:00 PM', 'Sunday: 7:00 AM – 10:00 PM']}",W1S 2BX,2017-12-21 14:20:58 Europe/London,3.9,"['cafe', 'food', 'store', 'point_of_interest', 'establishment']",51.5129985,-0.1411649
11,"41, 43 Bedford Hill, London SW12 9EY, UK",ChIJj5Prp88FdkgRK_rDthCYoDk,Starbucks Coffee,"{'open_now': True, 'periods': [{'close': {'day': 0, 'time': '1930'}, 'open': {'day': 0, 'time': '0700'}}, {'close': {'day': 1, 'time': '1930'}, 'open': {'day': 1, 'time': '0600'}}, {'close': {'day': 2, 'time': '1930'}, 'open': {'day': 2, 'time': '0600'}}, {'close': {'day': 3, 'time': '1930'}, 'open': {'day': 3, 'time': '0600'}}, {'close': {'day': 4, 'time': '1930'}, 'open': {'day': 4, 'time': '0600'}}, {'close': {'day': 5, 'time': '1930'}, 'open': {'day': 5, 'time': '0600'}}, {'close': {'day': 6, 'time': '1930'}, 'open': {'day': 6, 'time': '0700'}}], 'weekday_text': ['Monday: 6:00 AM – 7:30 PM', 'Tuesday: 6:00 AM – 7:30 PM', 'Wednesday: 6:00 AM – 7:30 PM', 'Thursday: 6:00 AM – 7:30 PM', 'Friday: 6:00 AM – 7:30 PM', 'Saturday: 7:00 AM – 7:30 PM', 'Sunday: 7:00 AM – 7:30 PM']}",SW12 9EY,2017-12-21 14:20:59 Europe/London,4.1,"['cafe', 'food', 'store', 'point_of_interest', 'establishment']",51.4439392,-0.150157
12,"Swiss Cottage, O2 Centre, 255 Finchley Rd, London NW3 6LU, UK",ChIJ4QnlloQadkgR4Po7gC_jl4A,Starbucks Coffee,"{'open_now': True, 'periods': [{'close': {'day': 0, 'time': '2100'}, 'open': {'day': 0, 'time': '0830'}}, {'close': {'day': 1, 'time': '2100'}, 'open': {'day': 1, 'time': '0630'}}, {'close': {'day': 2, 'time': '2100'}, 'open': {'day': 2, 'time': '0630'}}, {'close': {'day': 3, 'time': '2100'}, 'open': {'day': 3, 'time': '0630'}}, {'close': {'day': 4, 'time': '2100'}, 'open': {'day': 4, 'time': '0630'}}, {'close': {'day': 5, 'time': '2200'}, 'open': {'day': 5, 'time': '0630'}}, {'close': {'day': 6, 'time': '2200'}, 'open': {'day': 6, 'time': '0730'}}], 'weekday_text': ['Monday: 6:30 AM – 9:00 PM', 'Tuesday: 6:30 AM – 9:00 PM', 'Wednesday: 6:30 AM – 9:00 PM', 'Thursday: 6:30 AM – 9:00 PM', 'Friday: 6:30 AM – 10:00 PM', 'Saturday: 7:30 AM – 10:00 PM', 'Sunday: 8:30 AM – 9:00 PM']}",NW3 6LU,2017-12-21 14:20:59 Europe/London,2.7,"['cafe', 'food', 'store', 'point_of_interest', 'establishment']",51.5477021,-0.1825006
13,"126 Baker St, Marylebone, London W1M 1FH, UK",ChIJr-Y46s4adkgRqUm9-x_njFU,Starbucks Coffee,"{'open_now': True, 'periods': [{'close': {'day': 0, 'time': '2100'}, 'open': {'day': 0, 'time': '0700'}}, {'close': {'day': 1, 'time': '2200'}, 'open': {'day': 1, 'time': '0600'}}, {'close': {'day': 2, 'time': '2200'}, 'open': {'day': 2, 'time': '0600'}}, {'close': {'day': 3, 'time': '2200'}, 'open': {'day': 3, 'time': '0600'}}, {'close': {'day': 4, 'time': '2200'}, 'open': {'day': 4, 'time': '0600'}}, {'close': {'day': 5, 'time': '2200'}, 'open': {'day': 5, 'time': '0600'}}, {'close': {'day': 6, 'time': '2200'}, 'open': {'day': 6, 'time': '0630'}}], 'weekday_text': ['Monday: 6:00 AM – 10:00 PM', 'Tuesday: 6:00 AM – 10:00 PM', 'Wednesday: 6:00 AM – 10:00 PM', 'Thursday: 6:00 AM – 10:00 PM', 'Friday: 6:00 AM – 10:00 PM', 'Saturday: 6:30 AM – 10:00 PM', 'Sunday: 7:00 AM – 9:00 PM']}",W1M 1FH,2017-12-21 14:21:00 Europe/London,3.8,"['cafe', 'food', 'store', 'point_of_interest', 'establishment']",51.5215991,-0.1570933
14,"24, St Pancras International Station, Pancras Rd, Kings Cross, London NW1 2QL, UK",ChIJf8oaiDwbdkgRdTgLUPthfds,Starbucks Coffee,"{'open_now': True, 'periods': [{'open': {'day': 0, 'time': '0000'}}], 'weekday_text': ['Monday: Open 24 hours', 'Tuesday: Open 24 hours', 'Wednesday: Open 24 hours', 'Thursday: Open 24 hours', 'Friday: Open 24 hours', 'Saturday: Open 24 hours', 'Sunday: Open 24 hours']}",NW1 2QL,2017-12-21 14:21:00 Europe/London,3.6,"['cafe', 'food', 'store', 'point_of_interest', 'establishment']",51.532148,-0.126363
15,"2 S Lambeth Rd, London SW8 1SP, UK",ChIJs5vKe-4EdkgRD8HNoYHiATQ,Starbucks Coffee,"{'open_now': True, 'periods': [{'close': {'day': 0, 'time': '2100'}, 'open': {'day': 0, 'time': '0630'}}, {'close': {'day': 1, 'time': '2200'}, 'open': {'day': 1, 'time': '0500'}}, {'close': {'day': 2, 'time': '2200'}, 'open': {'day': 2, 'time': '0500'}}, {'close': {'day': 3, 'time': '2200'}, 'open': {'day': 3, 'time': '0500'}}, {'close': {'day': 4, 'time': '2200'}, 'open': {'day': 4, 'time': '0500'}}, {'close': {'day': 5, 'time': '2200'}, 'open': {'day': 5, 'time': '0500'}}, {'close': {'day': 6, 'time': '2100'}, 'open': {'day': 6, 'time': '0630'}}], 'weekday_text': ['Monday: 5:00 AM – 10:00 PM', 'Tuesday: 5:00 AM – 10:00 PM', 'Wednesday: 5:00 AM – 10:00 PM', 'Thursday: 5:00 AM – 10:00 PM', 'Friday: 5:00 AM – 10:00 PM', 'Saturday: 6:30 AM – 9:00 PM', 'Sunday: 6:30 AM – 9:00 PM']}",SW8 1SP,2017-12-21 14:21:00 Europe/London,3.6,"['cafe', 'food', 'store', 'point_of_interest', 'establishment']",51.485696,-0.123569
16,"46 Broadway, London E15 1NG, UK",ChIJN37aBWIddkgRcRLBi1Pt1sI,Starbucks Coffee,"{'open_now': True, 'periods': [{'close': {'day': 0, 'time': '2000'}, 'open': {'day': 0, 'time': '0700'}}, {'close': {'day': 1, 'time': '2000'}, 'open': {'day': 1, 'time': '0600'}}, {'close': {'day': 2, 'time': '2000'}, 'open': {'day': 2, 'time': '0600'}}, {'close': {'day': 3, 'time': '2000'}, 'open': {'day': 3, 'time': '0600'}}, {'close': {'day': 4, 'time': '2000'}, 'open': {'day': 4, 'time': '0600'}}, {'close': {'day': 5, 'time': '2000'}, 'open': {'day': 5, 'time': '0600'}}, {'close': {'day': 6, 'time': '2000'}, 'open': {'day': 6, 'time': '0600'}}], 'weekday_text': ['Monday: 6:00 AM – 8:00 PM', 'Tuesday: 6:00 AM – 8:00 PM', 'Wednesday: 6:00 AM – 8:00 PM', 'Thursday: 6:00 AM – 8:00 PM', 'Friday: 6:00 AM – 8:00 PM', 'Saturday: 6:00 AM – 8:00 PM', 'Sunday: 7:00 AM – 8:00 PM']}",E15 1NG,2017-12-21 14:21:00 Europe/London,3.8,"['cafe', 'food', 'store', 'point_of_interest', 'establishment']",51.5411785,0.0014271
17,"11 Replingham Rd, London SW18 5LT, UK",ChIJhW6QlEYPdkgRR12tEdgO4tE,Starbucks,"{'open_now': True, 'periods': [{'close': {'day': 0, 'time': '2030'}, 'open': {'day': 0, 'time': '0530'}}, {'close': {'day': 1, 'time': '2030'}, 'open': {'day': 1, 'time': '0530'}}, {'close': {'day': 2, 'time': '2030'}, 'open': {'day': 2, 'time': '0530'}}, {'close': {'day': 3, 'time': '2030'}, 'open': {'day': 3, 'time': '0530'}}, {'close': {'day': 4, 'time': '2030'}, 'open': {'day': 4, 'time': '0530'}}, {'close': {'day': 5, 'time': '2030'}, 'open': {'day': 5, 'time': '0530'}}, {'close': {'day': 6, 'time': '2030'}, 'open': {'day': 6, 'time': '0530'}}], 'weekday_text': ['Monday: 5:30 AM – 8:30 PM', 'Tuesday: 5:30 AM – 8:30 PM', 'Wednesday: 5:30 AM – 8:30 PM', 'Thursday: 5:30 AM – 8:30 PM', 'Friday: 5:30 AM – 8:30 PM', 'Saturday: 5:30 AM – 8:30 PM', 'Sunday: 5:30 AM – 8:30 PM']}",SW18 5LT,2017-12-21 14:21:01 Europe/London,4.2,"['cafe', 'food', 'store', 'point_of_interest', 'establishment']",51.4448817,-0.2056879
18,"33 Cavendish Square, Marylebone, London W1G 0PW, UK",ChIJXdRwINUadkgRLAJJCXouhyI,Starbucks Coffee,"{'open_now': True, 'periods': [{'close': {'day': 0, 'time': '2000'}, 'open': {'day': 0, 'time': '0900'}}, {'close': {'day': 1, 'time': '2030'}, 'open': {'day': 1, 'time': '0600'}}, {'close': {'day': 2, 'time': '2030'}, 'open': {'day': 2, 'time': '0600'}}, {'close': {'day': 3, 'time': '2030'}, 'open': {'day': 3, 'time': '0600'}}, {'close': {'day': 4, 'time': '2030'}, 'open': {'day': 4, 'time': '0600'}}, {'close': {'day': 5, 'time': '2030'}, 'open': {'day': 5, 'time': '0600'}}, {'close': {'day': 6, 'time': '2000'}, 'open': {'day': 6, 'time': '0730'}}], 'weekday_text': ['Monday: 6:00 AM – 8:30 PM', 'Tuesday: 6:00 AM – 8:30 PM', 'Wednesday: 6:00 AM – 8:30 PM', 'Thursday: 6:00 AM – 8:30 PM', 'Friday: 6:00 AM – 8:30 PM', 'Saturday: 7:30 AM – 8:00 PM', 'Sunday: 9:00 AM – 8:00 PM']}",W1G 0PW,2017-12-21 14:21:01 Europe/London,3.8,"['cafe', 'food', 'store', 'point_of_interest', 'establishment']",51.5160119,-0.1441298
19,"4, Fulham Broadway Centre, Fulham Broadway, Fulham, London SW6 1BY, UK",ChIJJdzkLYQPdkgRwMcQvaE8pGw,Starbucks Coffee,"{'open_now': True, 'periods': [{'close': {'day': 0, 'time': '2200'}, 'open': {'day': 0, 'time': '0700'}}, {'close': {'day': 1, 'time': '2200'}, 'open': {'day': 1, 'time': '0530'}}, {'close': {'day': 2, 'time': '2200'}, 'open': {'day': 2, 'time': '0530'}}, {'close': {'day': 3, 'time': '2200'}, 'open': {'day': 3, 'time': '0530'}}, {'close': {'day': 4, 'time': '2200'}, 'open': {'day': 4, 'time': '0530'}}, {'close': {'day': 5, 'time': '2200'}, 'open': {'day': 5, 'time': '0530'}}, {'close': {'day': 6, 'time': '2200'}, 'open': {'day': 6, 'time': '0700'}}], 'weekday_text': ['Monday: 5:30 AM – 10:00 PM', 'Tuesday: 5:30 AM – 10:00 PM', 'Wednesday: 5:30 AM – 10:00 PM', 'Thursday: 5:30 AM – 10:00 PM', 'Friday: 5:30 AM – 10:00 PM', 'Saturday: 7:00 AM – 10:00 PM', 'Sunday: 7:00 AM – 10:00 PM']}",SW6 1BY,2017-12-21 14:21:01 Europe/London,4,"['cafe', 'food', 'store', 'point_of_interest', 'establishment']",51.4803939,-0.194395
20,"8-10 Brushfield St, London E1 6AN, UK",ChIJq1rCt7McdkgRA_p0tpXer10,Starbucks Coffee,"{'open_now': True, 'periods': [{'close': {'day': 0, 'time': '2100'}, 'open': {'day': 0, 'time': '0700'}}, {'close': {'day': 1, 'time': '2100'}, 'open': {'day': 1, 'time': '0600'}}, {'close': {'day': 2, 'time': '2100'}, 'open': {'day': 2, 'time': '0600'}}, {'close': {'day': 3, 'time': '2100'}, 'open': {'day': 3, 'time': '0600'}}, {'close': {'day': 4, 'time': '2100'}, 'open': {'day': 4, 'time': '0600'}}, {'close': {'day': 5, 'time': '2100'}, 'open': {'day': 5, 'time': '0600'}}, {'close': {'day': 6, 'time': '2100'}, 'open': {'day': 6, 'time': '0700'}}], 'weekday_text': ['Monday: 6:00 AM – 9:00 PM', 'Tuesday: 6:00 AM – 9:00 PM', 'Wednesday: 6:00 AM – 9:00 PM', 'Thursday: 6:00 AM – 9:00 PM', 'Friday: 6:00 AM – 9:00 PM', 'Saturday: 7:00 AM – 9:00 PM', 'Sunday: 7:00 AM – 9:00 PM']}",E1 6AN,2017-12-21 14:21:04 Europe/London,3.9,"['cafe', 'food', 'store', 'point_of_interest', 'establishment']",51.5188618,-0.0786435
21,"6, Hays Galleria, Tooley St, London SE1 2HD, UK",ChIJ60AXP1ADdkgRcob3ITd70-E,Starbucks Coffee,"{'open_now': True, 'periods': [{'close': {'day': 0, 'time': '2030'}, 'open': {'day': 0, 'time': '0800'}}, {'close': {'day': 1, 'time': '2030'}, 'open': {'day': 1, 'time': '0630'}}, {'close': {'day': 2, 'time': '2030'}, 'open': {'day': 2, 'time': '0630'}}, {'close': {'day': 3, 'time': '2030'}, 'open': {'day': 3, 'time': '0630'}}, {'close': {'day': 4, 'time': '2030'}, 'open': {'day': 4, 'time': '0630'}}, {'close': {'day': 5, 'time': '2030'}, 'open': {'day': 5, 'time': '0630'}}, {'close': {'day': 6, 'time': '2030'}, 'open': {'day': 6, 'time': '0800'}}], 'weekday_text': ['Monday: 6:30 AM – 8:30 PM', 'Tuesday: 6:30 AM – 8:30 PM', 'Wednesday: 6:30 AM – 8:30 PM', 'Thursday: 6:30 AM – 8:30 PM', 'Friday: 6:30 AM – 8:30 PM', 'Saturday: 8:00 AM – 8:30 PM', 'Sunday: 8:00 AM – 8:30 PM']}",SE1 2HD,2017-12-21 14:21:04 Europe/London,3.3,"['cafe', 'food', 'store', 'point_of_interest', 'establishment']",51.505897,-0.083694
22,"48-50 Minories, London EC3N 1JJ, UK",ChIJMxz2sk0DdkgRIWdn2c5P_Y0,Starbucks Coffee,"{'open_now': True, 'periods': [{'close': {'day': 0, 'time': '1800'}, 'open': {'day': 0, 'time': '0800'}}, {'close': {'day': 1, 'time': '1930'}, 'open': {'day': 1, 'time': '0600'}}, {'close': {'day': 2, 'time': '1930'}, 'open': {'day': 2, 'time': '0600'}}, {'close': {'day': 3, 'time': '1930'}, 'open': {'day': 3, 'time': '0600'}}, {'close': {'day': 4, 'time': '1930'}, 'open': {'day': 4, 'time': '0600'}}, {'close': {'day': 5, 'time': '1930'}, 'open': {'day': 5, 'time': '0600'}}, {'close': {'day': 6, 'time': '1800'}, 'open': {'day': 6, 'time': '0800'}}], 'weekday_text': ['Monday: 6:00 AM – 7:30 PM', 'Tuesday: 6:00 AM – 7:30 PM', 'Wednesday: 6:00 AM – 7:30 PM', 'Thursday: 6:00 AM – 7:30 PM', 'Friday: 6:00 AM – 7:30 PM', 'Saturday: 8:00 AM – 6:00 PM', 'Sunday: 8:00 AM – 6:00 PM']}",EC3N 1JJ,2017-12-21 14:21:05 Europe/London,4,"['cafe', 'food', 'store', 'point_of_interest', 'establishment']",51.5115866,-0.0753091
23,"201A West End Ln, London NW6 2LJ, UK",ChIJ9eS6SngQdkgRni7KTRkSqJg,Starbucks Coffee,"{'open_now': True, 'periods': [{'close': {'day': 0, 'time': '2030'}, 'open': {'day': 0, 'time': '0730'}}, {'close': {'day': 1, 'time': '2030'}, 'open': {'day': 1, 'time': '0600'}}, {'close': {'day': 2, 'time': '2030'}, 'open': {'day': 2, 'time': '0600'}}, {'close': {'day': 3, 'time': '2030'}, 'open': {'day': 3, 'time': '0600'}}, {'close': {'day': 4, 'time': '2030'}, 'open': {'day': 4, 'time': '0600'}}, {'close': {'day': 5, 'time': '2030'}, 'open': {'day': 5, 'time': '0600'}}, {'close': {'day': 6, 'time': '2030'}, 'open': {'day': 6, 'time': '0600'}}], 'weekday_text': ['Monday: 6:00 AM – 8:30 PM', 'Tuesday: 6:00 AM – 8:30 PM', 'Wednesday: 6:00 AM – 8:30 PM', 'Thursday: 6:00 AM – 8:30 PM', 'Friday: 6:00 AM – 8:30 PM', 'Saturday: 6:00 AM – 8:30 PM', 'Sunday: 7:30 AM – 8:30 PM']}",NW6 2LJ,2017-12-21 14:21:05 Europe/London,3.3,"['cafe', 'food', 'store', 'point_of_interest', 'establishment']",51.5477487,-0.191241
24,"The O2, London SE10 0BB, UK",ChIJw7YHVxyo2EcRIG2Vh7eXNN0,Starbucks Coffee,"{'open_now': True, 'periods': [{'close': {'day': 0, 'time': '2345'}, 'open': {'day': 0, 'time': '0830'}}, {'close': {'day': 1, 'time': '2345'}, 'open': {'day': 1, 'time': '0800'}}, {'close': {'day': 2, 'time': '2345'}, 'open': {'day': 2, 'time': '0800'}}, {'close': {'day': 3, 'time': '2345'}, 'open': {'day': 3, 'time': '0800'}}, {'close': {'day': 4, 'time': '2345'}, 'open': {'day': 4, 'time': '0800'}}, {'close': {'day': 5, 'time': '2345'}, 'open': {'day': 5, 'time': '0800'}}, {'close': {'day': 6, 'time': '2345'}, 'open': {'day': 6, 'time': '0830'}}], 'weekday_text': ['Monday: 8:00 AM – 11:45 PM', 'Tuesday: 8:00 AM – 11:45 PM', 'Wednesday: 8:00 AM – 11:45 PM', 'Thursday: 8:00 AM – 11:45 PM', 'Friday: 8:00 AM – 11:45 PM', 'Saturday: 8:30 AM – 11:45 PM', 'Sunday: 8:30 AM – 11:45 PM']}",SE10 0BB,2017-12-21 14:21:06 Europe/London,3.2,"['cafe', 'food', 'store', 'point_of_interest', 'establishment']",51.5020823,0.0050051
25,"99 St Martin's Ln, London WC2N 4AS, UK",ChIJMxqSn8wEdkgRZO-QTizJk9M,Starbucks,"{'open_now': True, 'periods': [{'close': {'day': 0, 'time': '2100'}, 'open': {'day': 0, 'time': '0800'}}, {'close': {'day': 1, 'time': '2200'}, 'open': {'day': 1, 'time': '0630'}}, {'close': {'day': 2, 'time': '2200'}, 'open': {'day': 2, 'time': '0630'}}, {'close': {'day': 3, 'time': '2200'}, 'open': {'day': 3, 'time': '0630'}}, {'close': {'day': 4, 'time': '2200'}, 'open': {'day': 4, 'time': '0630'}}, {'close': {'day': 5, 'time': '2200'}, 'open': {'day': 5, 'time': '0630'}}, {'close': {'day': 6, 'time': '2200'}, 'open': {'day': 6, 'time': '0700'}}], 'weekday_text': ['Monday: 6:30 AM – 10:00 PM', 'Tuesday: 6:30 AM – 10:00 PM', 'Wednesday: 6:30 AM – 10:00 PM', 'Thursday: 6:30 AM – 10:00 PM', 'Friday: 6:30 AM – 10:00 PM', 'Saturday: 7:00 AM – 10:00 PM', 'Sunday: 8:00 AM – 9:00 PM']}",WC2N 4AS,2017-12-21 14:21:06 Europe/London,4,"['cafe', 'food', 'store', 'point_of_interest', 'establishment']",51.5104752,-0.1270941
26,"104-122 City Rd, London EC1V 2NR, UK",ChIJoUYci7IcdkgRrpr8B2BmCuM,Starbucks Coffee,"{'open_now': True, 'periods': [{'close': {'day': 0, 'time': '2100'}, 'open': {'day': 0, 'time': '0730'}}, {'close': {'day': 1, 'time': '2130'}, 'open': {'day': 1, 'time': '0600'}}, {'close': {'day': 2, 'time': '2130'}, 'open': {'day': 2, 'time': '0600'}}, {'close': {'day': 3, 'time': '2130'}, 'open': {'day': 3, 'time': '0600'}}, {'close': {'day': 4, 'time': '2130'}, 'open': {'day': 4, 'time': '0600'}}, {'close': {'day': 5, 'time': '2130'}, 'open': {'day': 5, 'time': '0600'}}, {'close': {'day': 6, 'time': '2130'}, 'open': {'day': 6, 'time': '0730'}}], 'weekday_text': ['Monday: 6:00 AM – 9:30 PM', 'Tuesday: 6:00 AM – 9:30 PM', 'Wednesday: 6:00 AM – 9:30 PM', 'Thursday: 6:00 AM – 9:30 PM', 'Friday: 6:00 AM – 9:30 PM', 'Saturday: 7:30 AM – 9:30 PM', 'Sunday: 7:30 AM – 9:00 PM']}",EC1V 2NR,2017-12-21 14:21:06 Europe/London,3.7,"['cafe', 'food', 'store', 'point_of_interest', 'establishment']",51.5262576,-0.0880558
27,"112-116 New Oxford St, London WC1A 1HH, UK",ChIJkx0kYi0bdkgRaDAVgjFnuU4,Starbucks Coffee,"{'open_now': True, 'periods': [{'close': {'day': 0, 'time': '2200'}, 'open': {'day': 0, 'time': '0700'}}, {'close': {'day': 1, 'time': '2230'}, 'open': {'day': 1, 'time': '0600'}}, {'close': {'day': 2, 'time': '2230'}, 'open': {'day': 2, 'time': '0600'}}, {'close': {'day': 3, 'time': '2230'}, 'open': {'day': 3, 'time': '0600'}}, {'close': {'day': 4, 'time': '2230'}, 'open': {'day': 4, 'time': '0600'}}, {'close': {'day': 5, 'time': '2230'}, 'open': {'day': 5, 'time': '0600'}}, {'close': {'day': 6, 'time': '2200'}, 'open': {'day': 6, 'time': '0700'}}], 'weekday_text': ['Monday: 6:00 AM – 10:30 PM', 'Tuesday: 6:00 AM – 10:30 PM', 'Wednesday: 6:00 AM – 10:30 PM', 'Thursday: 6:00 AM – 10:30 PM', 'Friday: 6:00 AM – 10:30 PM', 'Saturday: 7:00 AM – 10:00 PM', 'Sunday: 7:00 AM – 10:00 PM']}",WC1A 1HH,2017-12-21 14:21:06 Europe/London,3.6,"['cafe', 'food', 'store', 'point_of_interest', 'establishment']",51.516645,-0.129358
28,"15 Unit B, 13 Surrey Quays Rd, London SE16 7LL, UK",ChIJQ-BG8d8CdkgRYQ3YLxTarQE,Starbucks Coffee,"{'open_now': True, 'periods': [{'close': {'day': 0, 'time': '1730'}, 'open': {'day': 0, 'time': '1030'}}, {'close': {'day': 1, 'time': '1900'}, 'open': {'day': 1, 'time': '0800'}}, {'close': {'day': 2, 'time': '1900'}, 'open': {'day': 2, 'time': '0800'}}, {'close': {'day': 3, 'time': '1900'}, 'open': {'day': 3, 'time': '0800'}}, {'close': {'day': 4, 'time': '1900'}, 'open': {'day': 4, 'time': '0800'}}, {'close': {'day': 5, 'time': '1900'}, 'open': {'day': 5, 'time': '0800'}}, {'close': {'day': 6, 'time': '1830'}, 'open': {'day': 6, 'time': '0800'}}], 'weekday_text': ['Monday: 8:00 AM – 7:00 PM', 'Tuesday: 8:00 AM – 7:00 PM', 'Wednesday: 8:00 AM – 7:00 PM', 'Thursday: 8:00 AM – 7:00 PM', 'Friday: 8:00 AM – 7:00 PM', 'Saturday: 8:00 AM – 6:30 PM', 'Sunday: 10:30 AM – 5:30 PM']}",SE16 7LL,2017-12-21 14:21:07 Europe/London,3.8,"['cafe', 'food', 'store', 'point_of_interest', 'establishment']",51.4948995,-0.0465024
29,"54-56 Greenwich Church St, London SE10 9BL, UK",ChIJ4W96EYUCdkgRDXg4AwkWdHc,Starbucks Coffee,"{'open_now': True, 'periods': [{'close': {'day': 0, 'time': '2300'}, 'open': {'day': 0, 'time': '0700'}}, {'close': {'day': 1, 'time': '2300'}, 'open': {'day': 1, 'time': '0600'}}, {'close': {'day': 2, 'time': '2300'}, 'open': {'day': 2, 'time': '0600'}}, {'close': {'day': 3, 'time': '2300'}, 'open': {'day': 3, 'time': '0600'}}, {'close': {'day': 4, 'time': '2300'}, 'open': {'day': 4, 'time': '0600'}}, {'close': {'day': 5, 'time': '2300'}, 'open': {'day': 5, 'time': '0600'}}, {'close': {'day': 6, 'time': '2300'}, 'open': {'day': 6, 'time': '0700'}}], 'weekday_text': ['Monday: 6:00 AM – 11:00 PM', 'Tuesday: 6:00 AM – 11:00 PM', 'Wednesday: 6:00 AM – 11:00 PM', 'Thursday: 6:00 AM – 11:00 PM', 'Friday: 6:00 AM – 11:00 PM', 'Saturday: 7:00 AM – 11:00 PM', 'Sunday: 7:00 AM – 11:00 PM']}",SE10 9BL,2017-12-21 14:21:07 Europe/London,3.9,"['cafe', 'food', 'store', 'point_of_interest', 'establishment']",51.4821517,-0.0098852
30,"5, 10 Wimbledon Hill Rd, Wimbledon, London SW19 7NS, UK",ChIJ1RgHercIdkgRJJpYO1lzI7w,Starbucks,"{'open_now': True, 'periods': [{'close': {'day': 0, 'time': '2300'}, 'open': {'day': 0, 'time': '0500'}}, {'close': {'day': 1, 'time': '2300'}, 'open': {'day': 1, 'time': '0500'}}, {'close': {'day': 2, 'time': '2300'}, 'open': {'day': 2, 'time': '0500'}}, {'close': {'day': 3, 'time': '2300'}, 'open': {'day': 3, 'time': '0500'}}, {'close': {'day': 4, 'time': '2300'}, 'open': {'day': 4, 'time': '0500'}}, {'close': {'day': 5, 'time': '2300'}, 'open': {'day': 5, 'time': '0500'}}, {'close': {'day': 6, 'time': '2300'}, 'open': {'day': 6, 'time': '0500'}}], 'weekday_text': ['Monday: 5:00 AM – 11:00 PM', 'Tuesday: 5:00 AM – 11:00 PM', 'Wednesday: 5:00 AM – 11:00 PM', 'Thursday: 5:00 AM – 11:00 PM', 'Friday: 5:00 AM – 11:00 PM', 'Saturday: 5:00 AM – 11:00 PM', 'Sunday: 5:00 AM – 11:00 PM']}",SW19 7NS,2017-12-21 14:21:08 Europe/London,4,"['cafe', 'food', 'store', 'point_of_interest', 'establishment']",51.4211305,-0.2076613
31,"64 Notting Hill Gate, London W11 3HT, UK",ChIJN9p_gfwPdkgROXlJ3NE-ViQ,Starbucks Coffee,"{'open_now': True, 'periods': [{'close': {'day': 0, 'time': '2030'}, 'open': {'day': 0, 'time': '0700'}}, {'close': {'day': 1, 'time': '2030'}, 'open': {'day': 1, 'time': '0630'}}, {'close': {'day': 2, 'time': '2030'}, 'open': {'day': 2, 'time': '0630'}}, {'close': {'day': 3, 'time': '2030'}, 'open': {'day': 3, 'time': '0630'}}, {'close': {'day': 4, 'time': '2030'}, 'open': {'day': 4, 'time': '0630'}}, {'close': {'day': 5, 'time': '2030'}, 'open': {'day': 5, 'time': '0630'}}, {'close': {'day': 6, 'time': '2030'}, 'open': {'day': 6, 'time': '0630'}}], 'weekday_text': ['Monday: 6:30 AM – 8:30 PM', 'Tuesday: 6:30 AM – 8:30 PM', 'Wednesday: 6:30 AM – 8:30 PM', 'Thursday: 6:30 AM – 8:30 PM', 'Friday: 6:30 AM – 8:30 PM', 'Saturday: 6:30 AM – 8:30 PM', 'Sunday: 7:00 AM – 8:30 PM']}",W11 3HT,2017-12-21 14:21:08 Europe/London,3.6,"['cafe', 'food', 'store', 'point_of_interest', 'establishment']",51.5092947,-0.1957995
32,"Black Lion House, 45 Whitechapel Rd, London E1 1DU, UK",ChIJebAv8MocdkgR1JZZsTPawJo,Starbucks Coffee,"{'open_now': True, 'periods': [{'close': {'day': 0, 'time': '1900'}, 'open': {'day': 0, 'time': '0830'}}, {'close': {'day': 1, 'time': '2000'}, 'open': {'day': 1, 'time': '0630'}}, {'close': {'day': 2, 'time': '2000'}, 'open': {'day': 2, 'time': '0630'}}, {'close': {'day': 3, 'time': '2000'}, 'open': {'day': 3, 'time': '0630'}}, {'close': {'day': 4, 'time': '2000'}, 'open': {'day': 4, 'time': '0630'}}, {'close': {'day': 5, 'time': '2000'}, 'open': {'day': 5, 'time': '0630'}}, {'close': {'day': 6, 'time': '1900'}, 'open': {'day': 6, 'time': '0730'}}], 'weekday_text': ['Monday: 6:30 AM – 8:00 PM', 'Tuesday: 6:30 AM – 8:00 PM', 'Wednesday: 6:30 AM – 8:00 PM', 'Thursday: 6:30 AM – 8:00 PM', 'Friday: 6:30 AM – 8:00 PM', 'Saturday: 7:30 AM – 7:00 PM', 'Sunday: 8:30 AM – 7:00 PM']}",E1 1DU,2017-12-21 14:21:09 Europe/London,3.7,"['cafe', 'food', 'store', 'point_of_interest', 'establishment']",51.5170265,-0.0680942
33,"7 The Broadway, London N8 8DU, UK",ChIJhZfaTscbdkgR90-HUk8Q5y4,Starbucks Coffee,"{'open_now': True, 'periods': [{'close': {'day': 0, 'time': '1930'}, 'open': {'day': 0, 'time': '0700'}}, {'close': {'day': 1, 'time': '2000'}, 'open': {'day': 1, 'time': '0600'}}, {'close': {'day': 2, 'time': '2000'}, 'open': {'day': 2, 'time': '0600'}}, {'close': {'day': 3, 'time': '2000'}, 'open': {'day': 3, 'time': '0600'}}, {'close': {'day': 4, 'time': '2000'}, 'open': {'day': 4, 'time': '0600'}}, {'close': {'day': 5, 'time': '2000'}, 'open': {'day': 5, 'time': '0600'}}, {'close': {'day': 6, 'time': '2000'}, 'open': {'day': 6, 'time': '0630'}}], 'weekday_text': ['Monday: 6:00 AM – 8:00 PM', 'Tuesday: 6:00 AM – 8:00 PM', 'Wednesday: 6:00 AM – 8:00 PM', 'Thursday: 6:00 AM – 8:00 PM', 'Friday: 6:00 AM – 8:00 PM', 'Saturday: 6:30 AM – 8:00 PM', 'Sunday: 7:00 AM – 7:30 PM']}",N8 8DU,2017-12-21 14:21:09 Europe/London,3.4,"['cafe', 'food', 'store', 'point_of_interest', 'establishment']",51.5786486,-0.1239888
34,"40-42 Old Town, London SW4 0LB, UK",ChIJ9bJrP60FdkgRgl2bqKlf2YY,Starbucks Coffee,"{'open_now': True, 'periods': [{'close': {'day': 0, 'time': '1930'}, 'open': {'day': 0, 'time': '0700'}}, {'close': {'day': 1, 'time': '1930'}, 'open': {'day': 1, 'time': '0600'}}, {'close': {'day': 2, 'time': '1930'}, 'open': {'day': 2, 'time': '0600'}}, {'close': {'day': 3, 'time': '1930'}, 'open': {'day': 3, 'time': '0600'}}, {'close': {'day': 4, 'time': '1930'}, 'open': {'day': 4, 'time': '0600'}}, {'close': {'day': 5, 'time': '1930'}, 'open': {'day': 5, 'time': '0600'}}, {'close': {'day': 6, 'time': '1930'}, 'open': {'day': 6, 'time': '0600'}}], 'weekday_text': ['Monday: 6:00 AM – 7:30 PM', 'Tuesday: 6:00 AM – 7:30 PM', 'Wednesday: 6:00 AM – 7:30 PM', 'Thursday: 6:00 AM – 7:30 PM', 'Friday: 6:00 AM – 7:30 PM', 'Saturday: 6:00 AM – 7:30 PM', 'Sunday: 7:00 AM – 7:30 PM']}",SW4 0LB,2017-12-21 14:21:10 Europe/London,4,"['cafe', 'food', 'store', 'point_of_interest', 'establishment']",51.4638023,-0.1420062
35,"52 Berkeley St, Mayfair, London W1J 8ET, UK",ChIJJ9HYxLkEdkgR5sR8L70uho8,Starbucks,"{'open_now': True, 'periods': [{'close': {'day': 0, 'time': '2200'}, 'open': {'day': 0, 'time': '0730'}}, {'close': {'day': 1, 'time': '2230'}, 'open': {'day': 1, 'time': '0615'}}, {'close': {'day': 2, 'time': '2230'}, 'open': {'day': 2, 'time': '0615'}}, {'close': {'day': 3, 'time': '2230'}, 'open': {'day': 3, 'time': '0615'}}, {'close': {'day': 4, 'time': '2230'}, 'open': {'day': 4, 'time': '0615'}}, {'close': {'day': 5, 'time': '2230'}, 'open': {'day': 5, 'time': '0615'}}, {'close': {'day': 6, 'time': '2230'}, 'open': {'day': 6, 'time': '0700'}}], 'weekday_text': ['Monday: 6:15 AM – 10:30 PM', 'Tuesday: 6:15 AM – 10:30 PM', 'Wednesday: 6:15 AM – 10:30 PM', 'Thursday: 6:15 AM – 10:30 PM', 'Friday: 6:15 AM – 10:30 PM', 'Saturday: 7:00 AM – 10:30 PM', 'Sunday: 7:30 AM – 10:00 PM']}",W1J 8ET,2017-12-21 14:21:10 Europe/London,3.7,"['cafe', 'food', 'store', 'point_of_interest', 'establishment']",51.5074195,-0.1426053
36,"7-9 Golders Green Rd, London NW11 8DY, UK",ChIJAZdzwpsQdkgRh595Ub5GwRU,Starbucks Coffee,"{'open_now': True, 'periods': [{'close': {'day': 0, 'time': '2300'}, 'open': {'day': 0, 'time': '0500'}}, {'close': {'day': 1, 'time': '2300'}, 'open': {'day': 1, 'time': '0500'}}, {'close': {'day': 2, 'time': '2300'}, 'open': {'day': 2, 'time': '0500'}}, {'close': {'day': 3, 'time': '2300'}, 'open': {'day': 3, 'time': '0500'}}, {'close': {'day': 4, 'time': '2300'}, 'open': {'day': 4, 'time': '0500'}}, {'close': {'day': 5, 'time': '2300'}, 'open': {'day': 5, 'time': '0500'}}, {'close': {'day': 6, 'time': '2300'}, 'open': {'day': 6, 'time': '0500'}}], 'weekday_text': ['Monday: 5:00 AM – 11:00 PM', 'Tuesday: 5:00 AM – 11:00 PM', 'Wednesday: 5:00 AM – 11:00 PM', 'Thursday: 5:00 AM – 11:00 PM', 'Friday: 5:00 AM – 11:00 PM', 'Saturday: 5:00 AM – 11:00 PM', 'Sunday: 5:00 AM – 11:00 PM']}",NW11 8DY,2017-12-21 14:21:11 Europe/London,3.7,"['cafe', 'food', 'store', 'point_of_interest', 'establishment']",51.5717633,-0.1959318
37,"77 Tottenham Court Rd, Fitzrovia, London W1T 2HQ, UK",ChIJ7wB7ri4bdkgRKIeWYfWdo7A,Starbucks Coffee,"{'open_now': True, 'periods': [{'close': {'day': 0, 'time': '2100'}, 'open': {'day': 0, 'time': '0800'}}, {'close': {'day': 1, 'time': '2200'}, 'open': {'day': 1, 'time': '0600'}}, {'close': {'day': 2, 'time': '2200'}, 'open': {'day': 2, 'time': '0600'}}, {'close': {'day': 3, 'time': '2200'}, 'open': {'day': 3, 'time': '0600'}}, {'close': {'day': 4, 'time': '2200'}, 'open': {'day': 4, 'time': '0600'}}, {'close': {'day': 5, 'time': '2200'}, 'open': {'day': 5, 'time': '0600'}}, {'close': {'day': 6, 'time': '2200'}, 'open': {'day': 6, 'time': '0600'}}], 'weekday_text': ['Monday: 6:00 AM – 10:00 PM', 'Tuesday: 6:00 AM – 10:00 PM', 'Wednesday: 6:00 AM – 10:00 PM', 'Thursday: 6:00 AM – 10:00 PM', 'Friday: 6:00 AM – 10:00 PM', 'Saturday: 6:00 AM – 10:00 PM', 'Sunday: 8:00 AM – 9:00 PM']}",W1T 2HQ,2017-12-21 14:21:11 Europe/London,3.9,"['cafe', 'food', 'store', 'point_of_interest', 'establishment']",51.5207088,-0.134725
38,"13 Hanover Square, Mayfair, London W1S 1HN, UK",ChIJJcxAKisFdkgRvuIHiG7G6d0,Starbucks,"{'open_now': True, 'periods': [{'close': {'day': 0, 'time': '2100'}, 'open': {'day': 0, 'time': '0730'}}, {'close': {'day': 1, 'time': '2200'}, 'open': {'day': 1, 'time': '0600'}}, {'close': {'day': 2, 'time': '2200'}, 'open': {'day': 2, 'time': '0600'}}, {'close': {'day': 3, 'time': '2200'}, 'open': {'day': 3, 'time': '0600'}}, {'close': {'day': 4, 'time': '2200'}, 'open': {'day': 4, 'time': '0600'}}, {'close': {'day': 5, 'time': '2200'}, 'open': {'day': 5, 'time': '0600'}}, {'close': {'day': 6, 'time': '2200'}, 'open': {'day': 6, 'time': '0730'}}], 'weekday_text': ['Monday: 6:00 AM – 10:00 PM', 'Tuesday: 6:00 AM – 10:00 PM', 'Wednesday: 6:00 AM – 10:00 PM', 'Thursday: 6:00 AM – 10:00 PM', 'Friday: 6:00 AM – 10:00 PM', 'Saturday: 7:30 AM – 10:00 PM', 'Sunday: 7:30 AM – 9:00 PM']}",W1S 1HN,2017-12-21 14:21:11 Europe/London,4,"['cafe', 'food', 'store', 'point_of_interest', 'establishment']",51.5146151,-0.1439675
39,"4/6 Parkway, London NW1 7AA, UK",ChIJDepGquEadkgRXTgb11oF2nM,Starbucks Coffee Camden - Parkway,"{'open_now': True, 'periods': [{'close': {'day': 0, 'time': '2200'}, 'open': {'day': 0, 'time': '0800'}}, {'close': {'day': 1, 'time': '2200'}, 'open': {'day': 1, 'time': '0600'}}, {'close': {'day': 2, 'time': '2200'}, 'open': {'day': 2, 'time': '0600'}}, {'close': {'day': 3, 'time': '2200'}, 'open': {'day': 3, 'time': '0600'}}, {'close': {'day': 4, 'time': '2200'}, 'open': {'day': 4, 'time': '0600'}}, {'close': {'day': 5, 'time': '2200'}, 'open': {'day': 5, 'time': '0600'}}, {'close': {'day': 6, 'time': '2200'}, 'open': {'day': 6, 'time': '0730'}}], 'weekday_text': ['Monday: 6:00 AM – 10:00 PM', 'Tuesday: 6:00 AM – 10:00 PM', 'Wednesday: 6:00 AM – 10:00 PM', 'Thursday: 6:00 AM – 10:00 PM', 'Friday: 6:00 AM – 10:00 PM', 'Saturday: 7:30 AM – 10:00 PM', 'Sunday: 8:00 AM – 10:00 PM']}",NW1 7AA,2017-12-21 14:21:12 Europe/London,3.8,"['cafe', 'food', 'store', 'point_of_interest', 'establishment']",51.5389368,-0.1432212
40,"95-96 Wandsworth Bridge Rd, Fulham, London SW6 2TD, UK",ChIJ6d_Z2oEPdkgRK4k9AFmg1Og,Starbucks Coffee,"{'open_now': True, 'periods': [{'close': {'day': 0, 'time': '1830'}, 'open': {'day': 0, 'time': '0700'}}, {'close': {'day': 1, 'time': '1830'}, 'open': {'day': 1, 'time': '0600'}}, {'close': {'day': 2, 'time': '1830'}, 'open': {'day': 2, 'time': '0600'}}, {'close': {'day': 3, 'time': '1830'}, 'open': {'day': 3, 'time': '0600'}}, {'close': {'day': 4, 'time': '1830'}, 'open': {'day': 4, 'time': '0600'}}, {'close': {'day': 5, 'time': '1830'}, 'open': {'day': 5, 'time': '0600'}}, {'close': {'day': 6, 'time': '1830'}, 'open': {'day': 6, 'time': '0630'}}], 'weekday_text': ['Monday: 6:00 AM – 6:30 PM', 'Tuesday: 6:00 AM – 6:30 PM', 'Wednesday: 6:00 AM – 6:30 PM', 'Thursday: 6:00 AM – 6:30 PM', 'Friday: 6:00 AM – 6:30 PM', 'Saturday: 6:30 AM – 6:30 PM', 'Sunday: 7:00 AM – 6:30 PM']}",SW6 2TD,2017-12-21 14:21:14 Europe/London,4.2,"['cafe', 'food', 'store', 'point_of_interest', 'establishment']",51.4737433,-0.191786
41,"Lynton House, Tavistock Square, Kings Cross, London WC1H 9LT, UK",ChIJ5f3pCTAbdkgRcyP4yn3fMOI,Starbucks,"{'open_now': True, 'periods': [{'close': {'day': 0, 'time': '1900'}, 'open': {'day': 0, 'time': '0730'}}, {'close': {'day': 1, 'time': '2000'}, 'open': {'day': 1, 'time': '0630'}}, {'close': {'day': 2, 'time': '2000'}, 'open': {'day': 2, 'time': '0630'}}, {'close': {'day': 3, 'time': '2000'}, 'open': {'day': 3, 'time': '0630'}}, {'close': {'day': 4, 'time': '2000'}, 'open': {'day': 4, 'time': '0630'}}, {'close': {'day': 5, 'time': '2000'}, 'open': {'day': 5, 'time': '0630'}}, {'close': {'day': 6, 'time': '2000'}, 'open': {'day': 6, 'time': '0700'}}], 'weekday_text': ['Monday: 6:30 AM – 8:00 PM', 'Tuesday: 6:30 AM – 8:00 PM', 'Wednesday: 6:30 AM – 8:00 PM', 'Thursday: 6:30 AM – 8:00 PM', 'Friday: 6:30 AM – 8:00 PM', 'Saturday: 7:00 AM – 8:00 PM', 'Sunday: 7:30 AM – 7:00 PM']}",WC1H 9LT,2017-12-21 14:21:15 Europe/London,4,"['cafe', 'food', 'store', 'point_of_interest', 'establishment']",51.5252981,-0.1283053
42,"38 Walbrook, London EC4N 8BN, UK",ChIJnVtJ91QDdkgRfO18kkTeA0w,Starbucks Coffee,"{'open_now': True, 'periods': [{'close': {'day': 1, 'time': '1900'}, 'open': {'day': 1, 'time': '0600'}}, {'close': {'day': 2, 'time': '1900'}, 'open': {'day': 2, 'time': '0600'}}, {'close': {'day': 3, 'time': '1900'}, 'open': {'day': 3, 'time': '0600'}}, {'close': {'day': 4, 'time': '1900'}, 'open': {'day': 4, 'time': '0600'}}, {'close': {'day': 5, 'time': '1900'}, 'open': {'day': 5, 'time': '0600'}}], 'weekday_text': ['Monday: 6:00 AM – 7:00 PM', 'Tuesday: 6:00 AM – 7:00 PM', 'Wednesday: 6:00 AM – 7:00 PM', 'Thursday: 6:00 AM – 7:00 PM', 'Friday: 6:00 AM – 7:00 PM', 'Saturday: Closed', 'Sunday: Closed']}",EC4N 8BN,2017-12-21 14:21:15 Europe/London,3.7,"['cafe', 'food', 'store', 'point_of_interest', 'establishment']",51.5126106,-0.0900451
43,"Brunswick Centre The Brunswick Centre, Bloomsbury, London WC1N 1AW, UK",ChIJlaOKszAbdkgRL6I_FTnzGJI,Starbucks Coffee,"{'open_now': True, 'periods': [{'close': {'day': 0, 'time': '2000'}, 'open': {'day': 0, 'time': '0800'}}, {'close': {'day': 1, 'time': '2100'}, 'open': {'day': 1, 'time': '0700'}}, {'close': {'day': 2, 'time': '2100'}, 'open': {'day': 2, 'time': '0700'}}, {'close': {'day': 3, 'time': '2100'}, 'open': {'day': 3, 'time': '0700'}}, {'close': {'day': 4, 'time': '2100'}, 'open': {'day': 4, 'time': '0700'}}, {'close': {'day': 5, 'time': '2100'}, 'open': {'day': 5, 'time': '0700'}}, {'close': {'day': 6, 'time': '2000'}, 'open': {'day': 6, 'time': '0800'}}], 'weekday_text': ['Monday: 7:00 AM – 9:00 PM', 'Tuesday: 7:00 AM – 9:00 PM', 'Wednesday: 7:00 AM – 9:00 PM', 'Thursday: 7:00 AM – 9:00 PM', 'Friday: 7:00 AM – 9:00 PM', 'Saturday: 8:00 AM – 8:00 PM', 'Sunday: 8:00 AM – 8:00 PM']}",WC1N 1AW,2017-12-21 14:21:16 Europe/London,3.6,"['cafe', 'food', 'store', 'point_of_interest', 'establishment']",51.5239033,-0.123343
44,"Chantrey House, 98 Buckingham Palace Rd, Belgravia, London SW1W 0SS, UK",ChIJgxYXAiIFdkgRiPEMKTtPKeI,Starbucks,"{'open_now': True, 'periods': [{'close': {'day': 0, 'time': '2030'}, 'open': {'day': 0, 'time': '0630'}}, {'close': {'day': 1, 'time': '2030'}, 'open': {'day': 1, 'time': '0600'}}, {'close': {'day': 2, 'time': '2030'}, 'open': {'day': 2, 'time': '0600'}}, {'close': {'day': 3, 'time': '2030'}, 'open': {'day': 3, 'time': '0600'}}, {'close': {'day': 4, 'time': '2030'}, 'open': {'day': 4, 'time': '0600'}}, {'close': {'day': 5, 'time': '2030'}, 'open': {'day': 5, 'time': '0600'}}, {'close': {'day': 6, 'time': '2030'}, 'open': {'day': 6, 'time': '0630'}}], 'weekday_text': ['Monday: 6:00 AM – 8:30 PM', 'Tuesday: 6:00 AM – 8:30 PM', 'Wednesday: 6:00 AM – 8:30 PM', 'Thursday: 6:00 AM – 8:30 PM', 'Friday: 6:00 AM – 8:30 PM', 'Saturday: 6:30 AM – 8:30 PM', 'Sunday: 6:30 AM – 8:30 PM']}",SW1W 0SS,2017-12-21 14:21:16 Europe/London,3.9,"['cafe', 'food', 'store', 'point_of_interest', 'establishment']",51.49434,-0.146863
45,"123A King's Rd, Chelsea, London SW3 4PL, UK",ChIJqUi-wBQFdkgRkgVEXISrH8Y,Starbucks Coffee,"{'open_now': True, 'periods': [{'close': {'day': 0, 'time': '2100'}, 'open': {'day': 0, 'time': '0630'}}, {'close': {'day': 1, 'time': '2100'}, 'open': {'day': 1, 'time': '0530'}}, {'close': {'day': 2, 'time': '2100'}, 'open': {'day': 2, 'time': '0530'}}, {'close': {'day': 3, 'time': '2100'}, 'open': {'day': 3, 'time': '0530'}}, {'close': {'day': 4, 'time': '2100'}, 'open': {'day': 4, 'time': '0530'}}, {'close': {'day': 5, 'time': '2100'}, 'open': {'day': 5, 'time': '0530'}}, {'close': {'day': 6, 'time': '2100'}, 'open': {'day': 6, 'time': '0630'}}], 'weekday_text': ['Monday: 5:30 AM – 9:00 PM', 'Tuesday: 5:30 AM – 9:00 PM', 'Wednesday: 5:30 AM – 9:00 PM', 'Thursday: 5:30 AM – 9:00 PM', 'Friday: 5:30 AM – 9:00 PM', 'Saturday: 6:30 AM – 9:00 PM', 'Sunday: 6:30 AM – 9:00 PM']}",SW3 4PL,2017-12-21 14:21:16 Europe/London,3.9,"['cafe', 'food', 'store', 'point_of_interest', 'establishment']",51.4884163,-0.1661941
46,"227 Portobello Rd, London W11 1LT, UK",ChIJ6c6Jdx4QdkgRAHsmKueikWA,Starbucks Coffee,"{'open_now': True, 'periods': [{'close': {'day': 0, 'time': '2000'}, 'open': {'day': 0, 'time': '0730'}}, {'close': {'day': 1, 'time': '2000'}, 'open': {'day': 1, 'time': '0600'}}, {'close': {'day': 2, 'time': '2000'}, 'open': {'day': 2, 'time': '0600'}}, {'close': {'day': 3, 'time': '2000'}, 'open': {'day': 3, 'time': '0600'}}, {'close': {'day': 4, 'time': '2000'}, 'open': {'day': 4, 'time': '0600'}}, {'close': {'day': 5, 'time': '2000'}, 'open': {'day': 5, 'time': '0600'}}, {'close': {'day': 6, 'time': '2000'}, 'open': {'day': 6, 'time': '0630'}}], 'weekday_text': ['Monday: 6:00 AM – 8:00 PM', 'Tuesday: 6:00 AM – 8:00 PM', 'Wednesday: 6:00 AM – 8:00 PM', 'Thursday: 6:00 AM – 8:00 PM', 'Friday: 6:00 AM – 8:00 PM', 'Saturday: 6:30 AM – 8:00 PM', 'Sunday: 7:30 AM – 8:00 PM']}",W11 1LT,2017-12-21 14:21:17 Europe/London,3.7,"['cafe', 'food', 'store', 'point_of_interest', 'establishment']",51.5168329,-0.2058693
47,"83 Gloucester Rd, Kensington, London SW7 4SS, UK",ChIJb32pCF4FdkgRWXgxFbqHYwE,Starbucks Coffee,"{'open_now': True, 'periods': [{'close': {'day': 0, 'time': '2200'}, 'open': {'day': 0, 'time': '0630'}}, {'close': {'day': 1, 'time': '2200'}, 'open': {'day': 1, 'time': '0600'}}, {'close': {'day': 2, 'time': '2200'}, 'open': {'day': 2, 'time': '0600'}}, {'close': {'day': 3, 'time': '2200'}, 'open': {'day': 3, 'time': '0600'}}, {'close': {'day': 4, 'time': '2200'}, 'open': {'day': 4, 'time': '0600'}}, {'close': {'day': 5, 'time': '2200'}, 'open': {'day': 5, 'time': '0600'}}, {'close': {'day': 6, 'time': '2200'}, 'open': {'day': 6, 'time': '0630'}}], 'weekday_text': ['Monday: 6:00 AM – 10:00 PM', 'Tuesday: 6:00 AM – 10:00 PM', 'Wednesday: 6:00 AM – 10:00 PM', 'Thursday: 6:00 AM – 10:00 PM', 'Friday: 6:00 AM – 10:00 PM', 'Saturday: 6:30 AM – 10:00 PM', 'Sunday: 6:30 AM – 10:00 PM']}",SW7 4SS,2017-12-21 14:21:17 Europe/London,3.7,"['cafe', 'food', 'store', 'point_of_interest', 'establishment']",51.4945423,-0.1823799
48,"Kilburn - High Road ( 24-32), London, Kilburn NW6 5UA, UK",ChIJST8H2XsQdkgRms8oCzTeuVk,Starbucks,"{'open_now': True, 'periods': [{'close': {'day': 0, 'time': '2300'}, 'open': {'day': 0, 'time': '0730'}}, {'close': {'day': 1, 'time': '2300'}, 'open': {'day': 1, 'time': '0600'}}, {'close': {'day': 2, 'time': '2300'}, 'open': {'day': 2, 'time': '0600'}}, {'close': {'day': 3, 'time': '2300'}, 'open': {'day': 3, 'time': '0600'}}, {'close': {'day': 4, 'time': '2300'}, 'open': {'day': 4, 'time': '0600'}}, {'close': {'day': 5, 'time': '2300'}, 'open': {'day': 5, 'time': '0600'}}, {'close': {'day': 6, 'time': '2300'}, 'open': {'day': 6, 'time': '0700'}}], 'weekday_text': ['Monday: 6:00 AM – 11:00 PM', 'Tuesday: 6:00 AM – 11:00 PM', 'Wednesday: 6:00 AM – 11:00 PM', 'Thursday: 6:00 AM – 11:00 PM', 'Friday: 6:00 AM – 11:00 PM', 'Saturday: 7:00 AM – 11:00 PM', 'Sunday: 7:30 AM – 11:00 PM']}",NW6 5UA,2017-12-21 14:21:18 Europe/London,3.8,"['cafe', 'food', 'store', 'point_of_interest', 'establishment']",51.5366155,-0.1914384
49,"289 Camden High St, London NW1 7BX, UK",ChIJ90pNY-EadkgRbzvFs34hIxs,Starbucks Coffee,"{'open_now': True, 'periods': [{'close': {'day': 0, 'time': '2100'}, 'open': {'day': 0, 'time': '0700'}}, {'close': {'day': 1, 'time': '2100'}, 'open': {'day': 1, 'time': '0700'}}, {'close': {'day': 2, 'time': '2100'}, 'open': {'day': 2, 'time': '0700'}}, {'close': {'day': 3, 'time': '2100'}, 'open': {'day': 3, 'time': '0700'}}, {'close': {'day': 4, 'time': '2100'}, 'open': {'day': 4, 'time': '0700'}}, {'close': {'day': 5, 'time': '2100'}, 'open': {'day': 5, 'time': '0700'}}, {'close': {'day': 6, 'time': '2100'}, 'open': {'day': 6, 'time': '0700'}}], 'weekday_text': ['Monday: 7:00 AM – 9:00 PM', 'Tuesday: 7:00 AM – 9:00 PM', 'Wednesday: 7:00 AM – 9:00 PM', 'Thursday: 7:00 AM – 9:00 PM', 'Friday: 7:00 AM – 9:00 PM', 'Saturday: 7:00 AM – 9:00 PM', 'Sunday: 7:00 AM – 9:00 PM']}",NW1 7BX,2017-12-21 14:21:18 Europe/London,3.8,"['cafe', 'food', 'store', 'point_of_interest', 'establishment']",51.541073,-0.1453351
50,"Shop 5, Brixton Underground Station, Brixton, London SW9 8HE, UK",ChIJ1d9U12cEdkgRehzHCI6hspw,Starbucks Coffee,"{'open_now': True, 'periods': [{'close': {'day': 0, 'time': '2200'}, 'open': {'day': 0, 'time': '0700'}}, {'close': {'day': 1, 'time': '2200'}, 'open': {'day': 1, 'time': '0530'}}, {'close': {'day': 2, 'time': '2200'}, 'open': {'day': 2, 'time': '0530'}}, {'close': {'day': 3, 'time': '2200'}, 'open': {'day': 3, 'time': '0530'}}, {'close': {'day': 4, 'time': '2200'}, 'open': {'day': 4, 'time': '0530'}}, {'close': {'day': 5, 'time': '2200'}, 'open': {'day': 5, 'time': '0530'}}, {'close': {'day': 6, 'time': '2200'}, 'open': {'day': 6, 'time': '0700'}}], 'weekday_text': ['Monday: 5:30 AM – 10:00 PM', 'Tuesday: 5:30 AM – 10:00 PM', 'Wednesday: 5:30 AM – 10:00 PM', 'Thursday: 5:30 AM – 10:00 PM', 'Friday: 5:30 AM – 10:00 PM', 'Saturday: 7:00 AM – 10:00 PM', 'Sunday: 7:00 AM – 10:00 PM']}",SW9 8HE,2017-12-21 14:21:19 Europe/London,3.4,"['cafe', 'food', 'store', 'point_of_interest', 'establishment']",51.4625201,-0.1147875
51,"Zinc House Cowcross St, Clerkenwell, London EC1M 6DQ, UK",ChIJK_jzh1EbdkgRl7_nf7nItoQ,Starbucks Coffee,"{'open_now': True, 'periods': [{'close': {'day': 0, 'time': '1800'}, 'open': {'day': 0, 'time': '0900'}}, {'close': {'day': 1, 'time': '2100'}, 'open': {'day': 1, 'time': '0600'}}, {'close': {'day': 2, 'time': '2100'}, 'open': {'day': 2, 'time': '0600'}}, {'close': {'day': 3, 'time': '2100'}, 'open': {'day': 3, 'time': '0600'}}, {'close': {'day': 4, 'time': '2100'}, 'open': {'day': 4, 'time': '0600'}}, {'close': {'day': 5, 'time': '2000'}, 'open': {'day': 5, 'time': '0600'}}, {'close': {'day': 6, 'time': '1900'}, 'open': {'day': 6, 'time': '0830'}}], 'weekday_text': ['Monday: 6:00 AM – 9:00 PM', 'Tuesday: 6:00 AM – 9:00 PM', 'Wednesday: 6:00 AM – 9:00 PM', 'Thursday: 6:00 AM – 9:00 PM', 'Friday: 6:00 AM – 8:00 PM', 'Saturday: 8:30 AM – 7:00 PM', 'Sunday: 9:00 AM – 6:00 PM']}",EC1M 6DQ,2017-12-21 14:21:19 Europe/London,3.8,"['cafe', 'food', 'store', 'point_of_interest', 'establishment']",51.520263,-0.1035092
52,"8 Charterhouse Bldgs, London EC1M 7AN, UK",ChIJg5UmIFcbdkgRPHYWCp7zIaY,Starbucks Coffee,"{'open_now': True, 'periods': [{'close': {'day': 0, 'time': '1800'}, 'open': {'day': 0, 'time': '0830'}}, {'close': {'day': 1, 'time': '1900'}, 'open': {'day': 1, 'time': '0600'}}, {'close': {'day': 2, 'time': '1900'}, 'open': {'day': 2, 'time': '0600'}}, {'close': {'day': 3, 'time': '1900'}, 'open': {'day': 3, 'time': '0600'}}, {'close': {'day': 4, 'time': '1900'}, 'open': {'day': 4, 'time': '0600'}}, {'close': {'day': 5, 'time': '1900'}, 'open': {'day': 5, 'time': '0600'}}, {'close': {'day': 6, 'time': '1800'}, 'open': {'day': 6, 'time': '0800'}}], 'weekday_text': ['Monday: 6:00 AM – 7:00 PM', 'Tuesday: 6:00 AM – 7:00 PM', 'Wednesday: 6:00 AM – 7:00 PM', 'Thursday: 6:00 AM – 7:00 PM', 'Friday: 6:00 AM – 7:00 PM', 'Saturday: 8:00 AM – 6:00 PM', 'Sunday: 8:30 AM – 6:00 PM']}",EC1M 7AN,2017-12-21 14:21:20 Europe/London,3.9,"['cafe', 'food', 'store', 'point_of_interest', 'establishment']",51.5230895,-0.0984929
53,"250 Upper St, London N1 1RU, UK",ChIJBZy_ImUbdkgR1VPS7rVCalI,Starbucks Coffee,"{'open_now': True, 'periods': [{'close': {'day': 0, 'time': '2000'}, 'open': {'day': 0, 'time': '0700'}}, {'close': {'day': 1, 'time': '2100'}, 'open': {'day': 1, 'time': '0500'}}, {'close': {'day': 2, 'time': '2100'}, 'open': {'day': 2, 'time': '0500'}}, {'close': {'day': 3, 'time': '2100'}, 'open': {'day': 3, 'time': '0500'}}, {'close': {'day': 4, 'time': '2100'}, 'open': {'day': 4, 'time': '0500'}}, {'close': {'day': 5, 'time': '2100'}, 'open': {'day': 5, 'time': '0500'}}, {'close': {'day': 6, 'time': '2100'}, 'open': {'day': 6, 'time': '0630'}}], 'weekday_text': ['Monday: 5:00 AM – 9:00 PM', 'Tuesday: 5:00 AM – 9:00 PM', 'Wednesday: 5:00 AM – 9:00 PM', 'Thursday: 5:00 AM – 9:00 PM', 'Friday: 5:00 AM – 9:00 PM', 'Saturday: 6:30 AM – 9:00 PM', 'Sunday: 7:00 AM – 8:00 PM']}",N1 1RU,2017-12-21 14:21:20 Europe/London,3.5,"['cafe', 'food', 'store', 'point_of_interest', 'establishment']",51.5454602,-0.1033737
54,"14 James St, Marylebone, London W1U 1EF, UK",ChIJdS5LLC0FdkgRNTRE3ggn_U0,Starbucks Coffee,"{'open_now': True, 'periods': [{'close': {'day': 0, 'time': '2100'}, 'open': {'day': 0, 'time': '0730'}}, {'close': {'day': 1, 'time': '2200'}, 'open': {'day': 1, 'time': '0600'}}, {'close': {'day': 2, 'time': '2200'}, 'open': {'day': 2, 'time': '0600'}}, {'close': {'day': 3, 'time': '2200'}, 'open': {'day': 3, 'time': '0600'}}, {'close': {'day': 4, 'time': '2200'}, 'open': {'day': 4, 'time': '0600'}}, {'close': {'day': 5, 'time': '2200'}, 'open': {'day': 5, 'time': '0600'}}, {'close': {'day': 6, 'time': '2200'}, 'open': {'day': 6, 'time': '0700'}}], 'weekday_text': ['Monday: 6:00 AM – 10:00 PM', 'Tuesday: 6:00 AM – 10:00 PM', 'Wednesday: 6:00 AM – 10:00 PM', 'Thursday: 6:00 AM – 10:00 PM', 'Friday: 6:00 AM – 10:00 PM', 'Saturday: 7:00 AM – 10:00 PM', 'Sunday: 7:30 AM – 9:00 PM']}",W1U 1EF,2017-12-21 14:21:21 Europe/London,3.6,"['cafe', 'food', 'store', 'point_of_interest', 'establishment']",51.5145929,-0.150319
55,"150 Fleet St, London EC4A 2DQ, UK",ChIJJ9HYxLkEdkgRCyMfiHHmdLw,Starbucks Coffee,"{'open_now': True, 'periods': [{'close': {'day': 0, 'time': '1930'}, 'open': {'day': 0, 'time': '0700'}}, {'close': {'day': 1, 'time': '2000'}, 'open': {'day': 1, 'time': '0530'}}, {'close': {'day': 2, 'time': '2000'}, 'open': {'day': 2, 'time': '0530'}}, {'close': {'day': 3, 'time': '2000'}, 'open': {'day': 3, 'time': '0530'}}, {'close': {'day': 4, 'time': '2000'}, 'open': {'day': 4, 'time': '0530'}}, {'close': {'day': 5, 'time': '2000'}, 'open': {'day': 5, 'time': '0530'}}, {'close': {'day': 6, 'time': '2000'}, 'open': {'day': 6, 'time': '0700'}}], 'weekday_text': ['Monday: 5:30 AM – 8:00 PM', 'Tuesday: 5:30 AM – 8:00 PM', 'Wednesday: 5:30 AM – 8:00 PM', 'Thursday: 5:30 AM – 8:00 PM', 'Friday: 5:30 AM – 8:00 PM', 'Saturday: 7:00 AM – 8:00 PM', 'Sunday: 7:00 AM – 7:30 PM']}",EC4A 2DQ,2017-12-21 14:21:21 Europe/London,3.7,"['cafe', 'food', 'store', 'point_of_interest', 'establishment']",51.5143187,-0.1076361
56,"Station, Euston Rd, Kings Cross, London N1 9AL, UK",ChIJNdJ-rT4bdkgRl_bU7HyLIUs,Starbucks Coffee,"{'open_now': True, 'periods': [{'close': {'day': 0, 'time': '2200'}, 'open': {'day': 0, 'time': '0700'}}, {'close': {'day': 1, 'time': '2300'}, 'open': {'day': 1, 'time': '0530'}}, {'close': {'day': 2, 'time': '2300'}, 'open': {'day': 2, 'time': '0530'}}, {'close': {'day': 3, 'time': '2300'}, 'open': {'day': 3, 'time': '0530'}}, {'close': {'day': 4, 'time': '2300'}, 'open': {'day': 4, 'time': '0530'}}, {'close': {'day': 5, 'time': '2300'}, 'open': {'day': 5, 'time': '0530'}}, {'close': {'day': 6, 'time': '2300'}, 'open': {'day': 6, 'time': '0530'}}], 'weekday_text': ['Monday: 5:30 AM – 11:00 PM', 'Tuesday: 5:30 AM – 11:00 PM', 'Wednesday: 5:30 AM – 11:00 PM', 'Thursday: 5:30 AM – 11:00 PM', 'Friday: 5:30 AM – 11:00 PM', 'Saturday: 5:30 AM – 11:00 PM', 'Sunday: 7:00 AM – 10:00 PM']}",N1 9AL,2017-12-21 14:21:21 Europe/London,2.1,"['cafe', 'food', 'store', 'point_of_interest', 'establishment']",51.531295,-0.124455
57,"389 Mile End Rd, London E3 4QS, UK",ChIJiW0c7y8ddkgRLf24pq6EFL8,Starbucks Coffee,"{'open_now': True, 'periods': [{'close': {'day': 0, 'time': '2000'}, 'open': {'day': 0, 'time': '0730'}}, {'close': {'day': 1, 'time': '2030'}, 'open': {'day': 1, 'time': '0630'}}, {'close': {'day': 2, 'time': '2030'}, 'open': {'day': 2, 'time': '0630'}}, {'close': {'day': 3, 'time': '2030'}, 'open': {'day': 3, 'time': '0630'}}, {'close': {'day': 4, 'time': '2030'}, 'open': {'day': 4, 'time': '0630'}}, {'close': {'day': 5, 'time': '2030'}, 'open': {'day': 5, 'time': '0630'}}, {'close': {'day': 6, 'time': '2000'}, 'open': {'day': 6, 'time': '0700'}}], 'weekday_text': ['Monday: 6:30 AM – 8:30 PM', 'Tuesday: 6:30 AM – 8:30 PM', 'Wednesday: 6:30 AM – 8:30 PM', 'Thursday: 6:30 AM – 8:30 PM', 'Friday: 6:30 AM – 8:30 PM', 'Saturday: 7:00 AM – 8:00 PM', 'Sunday: 7:30 AM – 8:00 PM']}",E3 4QS,2017-12-21 14:21:22 Europe/London,3.7,"['cafe', 'food', 'store', 'point_of_interest', 'establishment']",51.525117,-0.0353126
58,"5-7 S End Rd, Hampstead, London NW3 2PT, UK",ChIJ-dwWJ4sadkgRzgRbyozoCq4,Starbucks Coffee,"{'open_now': True, 'periods': [{'close': {'day': 0, 'time': '2200'}, 'open': {'day': 0, 'time': '0630'}}, {'close': {'day': 1, 'time': '2200'}, 'open': {'day': 1, 'time': '0530'}}, {'close': {'day': 2, 'time': '2200'}, 'open': {'day': 2, 'time': '0530'}}, {'close': {'day': 3, 'time': '2200'}, 'open': {'day': 3, 'time': '0530'}}, {'close': {'day': 4, 'time': '2200'}, 'open': {'day': 4, 'time': '0530'}}, {'close': {'day': 5, 'time': '2200'}, 'open': {'day': 5, 'time': '0530'}}, {'close': {'day': 6, 'time': '2200'}, 'open': {'day': 6, 'time': '0530'}}], 'weekday_text': ['Monday: 5:30 AM – 10:00 PM', 'Tuesday: 5:30 AM – 10:00 PM', 'Wednesday: 5:30 AM – 10:00 PM', 'Thursday: 5:30 AM – 10:00 PM', 'Friday: 5:30 AM – 10:00 PM', 'Saturday: 5:30 AM – 10:00 PM', 'Sunday: 6:30 AM – 10:00 PM']}",NW3 2PT,2017-12-21 14:21:22 Europe/London,3.8,"['cafe', 'food', 'store', 'point_of_interest', 'establishment']",51.5542414,-0.1657475
59,"35 Horseferry Rd, Westminster, London SW1P 2AA, UK",ChIJjZ2ZTd0EdkgRQ2P1PM6Uiug,Starbucks Coffee,"{'open_now': True, 'periods': [{'close': {'day': 0, 'time': '1930'}, 'open': {'day': 0, 'time': '0700'}}, {'close': {'day': 1, 'time': '1930'}, 'open': {'day': 1, 'time': '0530'}}, {'close': {'day': 2, 'time': '1930'}, 'open': {'day': 2, 'time': '0530'}}, {'close': {'day': 3, 'time': '1930'}, 'open': {'day': 3, 'time': '0530'}}, {'close': {'day': 4, 'time': '1930'}, 'open': {'day': 4, 'time': '0530'}}, {'close': {'day': 5, 'time': '1930'}, 'open': {'day': 5, 'time': '0530'}}, {'close': {'day': 6, 'time': '1930'}, 'open': {'day': 6, 'time': '0700'}}], 'weekday_text': ['Monday: 5:30 AM – 7:30 PM', 'Tuesday: 5:30 AM – 7:30 PM', 'Wednesday: 5:30 AM – 7:30 PM', 'Thursday: 5:30 AM – 7:30 PM', 'Friday: 5:30 AM – 7:30 PM', 'Saturday: 7:00 AM – 7:30 PM', 'Sunday: 7:00 AM – 7:30 PM']}",SW1P 2AA,2017-12-21 14:21:22 Europe/London,3.7,"['cafe', 'food', 'store', 'point_of_interest', 'establishment']",51.4946952,-0.1304349
